protocol,alpha,N,seed,amplitude_value,amplitude_label,effective_eta,run_stem,t_max,chi_final,chi_peak,t_peak,reached_onset_0p1,t_onset_0p1,not_reached_0p1,reached_onset_0p4,t_onset_0p4,not_reached_0p4
absolute,1.8,64,101,0.0001,etaabs_1em04,0.0001,absolute_a1p80_N64_seed101_etaabs_1em04,600.0,0.1267641129028686,0.8571089443740583,508.5,True,482.5,False,True,489.5,False
absolute,1.8,64,101,0.0003,etaabs_3em04,0.0003,absolute_a1p80_N64_seed101_etaabs_3em04,600.0,0.222026209676824,0.7186690948223344,196.0,True,166.0,False,True,174.0,False
absolute,1.8,64,101,0.001,etaabs_1em03,0.001,absolute_a1p80_N64_seed101_etaabs_1em03,600.0,0.1267641129028686,0.8151881458358712,69.0,True,54.5,False,True,58.5,False
absolute,1.8,64,101,0.003,etaabs_3em03,0.003,absolute_a1p80_N64_seed101_etaabs_3em03,600.0,0.17439516128984628,0.8058360447728077,51.5,True,20.5,False,True,22.5,False
absolute,1.8,64,102,0.0001,etaabs_1em04,0.0001,absolute_a1p80_N64_seed102_etaabs_1em04,600.0,0.222026209676824,0.7618565333964709,494.0,True,469.5,False,True,475.5,False
absolute,1.8,64,102,0.0003,etaabs_3em04,0.0003,absolute_a1p80_N64_seed102_etaabs_3em04,600.0,0.2696572580638017,0.7141680908049575,189.5,True,161.5,False,True,167.5,False
absolute,1.8,64,102,0.001,etaabs_1em03,0.001,absolute_a1p80_N64_seed102_etaabs_1em03,600.0,0.222026209676824,0.762083008798865,70.5,True,52.5,False,True,58.0,False
absolute,1.8,64,102,0.003,etaabs_3em03,0.003,absolute_a1p80_N64_seed102_etaabs_3em03,600.0,0.1743951612898463,0.8095619093490531,43.5,True,19.5,False,True,23.0,False
absolute,1.8,64,103,0.0001,etaabs_1em04,0.0001,absolute_a1p80_N64_seed103_etaabs_1em04,600.0,0.17439516128984628,0.7525397836408758,509.0,True,476.0,False,True,483.5,False
absolute,1.8,64,103,0.0003,etaabs_3em04,0.0003,absolute_a1p80_N64_seed103_etaabs_3em04,600.0,0.1267641129028686,0.8146418720134239,192.5,True,164.0,False,True,169.5,False
absolute,1.8,64,103,0.001,etaabs_1em03,0.001,absolute_a1p80_N64_seed103_etaabs_1em03,600.0,0.22202620967682402,0.7194998755171415,77.0,True,53.0,False,True,58.0,False
absolute,1.8,64,103,0.003,etaabs_3em03,0.003,absolute_a1p80_N64_seed103_etaabs_3em03,600.0,0.17439516128984628,0.7715729403330652,31.5,True,20.0,False,True,22.5,False
absolute,1.8,64,104,0.0001,etaabs_1em04,0.0001,absolute_a1p80_N64_seed104_etaabs_1em04,600.0,0.12694310453039231,0.814767679022333,539.0,True,515.5,False,True,525.5,False
absolute,1.8,64,104,0.0003,etaabs_3em04,0.0003,absolute_a1p80_N64_seed104_etaabs_3em04,600.0,0.17439516128984628,0.7703906155235545,192.0,True,175.5,False,True,183.0,False
absolute,1.8,64,104,0.001,etaabs_1em03,0.001,absolute_a1p80_N64_seed104_etaabs_1em03,600.0,0.0791330645158909,0.9010080184533231,79.0,True,55.5,False,True,61.0,False
absolute,1.8,64,104,0.003,etaabs_3em03,0.003,absolute_a1p80_N64_seed104_etaabs_3em03,600.0,0.222026209676824,0.6774492635820323,35.5,True,19.5,False,True,23.0,False
absolute,1.8,64,105,0.0001,etaabs_1em04,0.0001,absolute_a1p80_N64_seed105_etaabs_1em04,600.0,0.12676411290286863,0.8127151424570562,527.0,True,497.0,False,True,504.5,False
absolute,1.8,64,105,0.0003,etaabs_3em04,0.0003,absolute_a1p80_N64_seed105_etaabs_3em04,600.0,0.17439516128984628,0.8052866504971506,201.0,True,170.5,False,True,175.5,False
absolute,1.8,64,105,0.001,etaabs_1em03,0.001,absolute_a1p80_N64_seed105_etaabs_1em03,600.0,0.1743951612898463,0.8096981547920818,71.5,True,54.5,False,True,58.0,False
absolute,1.8,64,105,0.003,etaabs_3em03,0.003,absolute_a1p80_N64_seed105_etaabs_3em03,600.0,0.17439516128984628,0.8096578893014543,37.0,True,19.5,False,True,23.0,False
absolute,1.8,128,101,0.0001,etaabs_1em04,0.0001,absolute_a1p80_N128_seed101_etaabs_1em04,600.0,0.22829861111052052,0.7426069668842539,367.0,True,339.0,False,True,345.0,False
absolute,1.8,128,101,0.0003,etaabs_3em04,0.0003,absolute_a1p80_N128_seed101_etaabs_3em04,600.0,0.25192212301522343,0.740177005744446,139.0,True,117.5,False,True,122.0,False
absolute,1.8,128,101,0.001,etaabs_1em03,0.001,absolute_a1p80_N128_seed101_etaabs_1em03,600.0,0.22829861111052055,0.7432287108500193,54.5,True,38.0,False,True,41.5,False
absolute,1.8,128,101,0.003,etaabs_3em03,0.003,absolute_a1p80_N128_seed101_etaabs_3em03,600.0,0.19286334325346627,0.8056139886005049,31.0,True,15.0,False,True,17.0,False
absolute,1.8,128,102,0.0001,etaabs_1em04,0.0001,absolute_a1p80_N128_seed102_etaabs_1em04,600.0,0.15742807539641201,0.7937607484980816,367.5,True,335.5,False,True,342.0,False
absolute,1.8,128,102,0.0003,etaabs_3em04,0.0003,absolute_a1p80_N128_seed102_etaabs_3em04,600.0,0.2046750992058177,0.7874099145158436,141.5,True,117.5,False,True,123.0,False
absolute,1.8,128,102,0.001,etaabs_1em03,0.001,absolute_a1p80_N128_seed102_etaabs_1em03,600.0,0.22829861111052055,0.7438909448339425,50.5,True,39.0,False,True,41.5,False
absolute,1.8,128,102,0.003,etaabs_3em03,0.003,absolute_a1p80_N128_seed102_etaabs_3em03,600.0,0.22829861111052055,0.7745784513344028,27.5,True,14.5,False,True,17.0,False
absolute,1.8,128,103,0.0001,etaabs_1em04,0.0001,absolute_a1p80_N128_seed103_etaabs_1em04,600.0,0.22829861111052055,0.7115565090835252,345.0,True,311.5,False,True,320.0,False
absolute,1.8,128,103,0.0003,etaabs_3em04,0.0003,absolute_a1p80_N128_seed103_etaabs_3em04,600.0,0.15742807539641201,0.8135339689326707,136.5,True,109.5,False,True,115.5,False
absolute,1.8,128,103,0.001,etaabs_1em03,0.001,absolute_a1p80_N128_seed103_etaabs_1em03,600.0,0.15742807539641201,0.826198055034397,67.0,True,37.0,False,True,39.5,False
absolute,1.8,128,103,0.003,etaabs_3em03,0.003,absolute_a1p80_N128_seed103_etaabs_3em03,600.0,0.22829861111052058,0.7608466116926055,26.0,True,14.5,False,True,16.5,False
absolute,1.8,128,104,0.0001,etaabs_1em04,0.0001,absolute_a1p80_N128_seed104_etaabs_1em04,600.0,0.2046750992058177,0.761177369018651,373.5,True,340.5,False,True,346.0,False
absolute,1.8,128,104,0.0003,etaabs_3em04,0.0003,absolute_a1p80_N128_seed104_etaabs_3em04,600.0,0.20467509920581772,0.7663971524059758,146.5,True,119.0,False,True,123.5,False
absolute,1.8,128,104,0.001,etaabs_1em03,0.001,absolute_a1p80_N128_seed104_etaabs_1em03,600.0,0.18105158730111484,0.7903037641188062,58.5,True,39.0,False,True,41.0,False
absolute,1.8,128,104,0.003,etaabs_3em03,0.003,absolute_a1p80_N128_seed104_etaabs_3em03,600.0,0.15742807539641201,0.8171516373005532,45.0,True,15.0,False,True,16.5,False
absolute,1.8,128,105,0.0001,etaabs_1em04,0.0001,absolute_a1p80_N128_seed105_etaabs_1em04,600.0,0.18105158730111487,0.811119243074681,366.0,True,345.5,False,True,349.5,False
absolute,1.8,128,105,0.0003,etaabs_3em04,0.0003,absolute_a1p80_N128_seed105_etaabs_3em04,600.0,0.18105158730111487,0.7690349538668249,142.0,True,119.0,False,True,122.5,False
absolute,1.8,128,105,0.001,etaabs_1em03,0.001,absolute_a1p80_N128_seed105_etaabs_1em03,600.0,0.18105158730111487,0.8115617357615414,55.0,True,39.0,False,True,41.5,False
absolute,1.8,128,105,0.003,etaabs_3em03,0.003,absolute_a1p80_N128_seed105_etaabs_3em03,600.0,0.15742807539641201,0.8016616144885527,36.5,True,15.0,False,True,17.5,False
absolute,1.8,256,101,0.0001,etaabs_1em04,0.0001,absolute_a1p80_N256_seed101_etaabs_1em04,600.0,0.19606606791288583,0.8000712591163868,254.5,True,232.0,False,True,237.0,False
absolute,1.8,256,101,0.0003,etaabs_3em04,0.0003,absolute_a1p80_N256_seed101_etaabs_3em04,600.0,0.18430118110189161,0.8117636174058418,104.5,True,81.5,False,True,84.0,False
absolute,1.8,256,101,0.001,etaabs_1em03,0.001,absolute_a1p80_N256_seed101_etaabs_1em03,600.0,0.19018362450738874,0.7999094526807264,52.5,True,27.0,False,True,29.5,False
absolute,1.8,256,101,0.003,etaabs_3em03,0.003,absolute_a1p80_N256_seed101_etaabs_3em03,600.0,0.21959584153487427,0.7607707423947114,35.5,True,12.0,False,True,14.0,False
absolute,1.8,256,102,0.0001,etaabs_1em04,0.0001,absolute_a1p80_N256_seed102_etaabs_1em04,600.0,0.21959584153487427,0.7492225667586757,274.0,True,243.5,False,True,247.5,False
absolute,1.8,256,102,0.0003,etaabs_3em04,0.0003,absolute_a1p80_N256_seed102_etaabs_3em04,600.0,0.21959584153487424,0.7716020400179044,110.0,True,85.0,False,True,87.5,False
absolute,1.8,256,102,0.001,etaabs_1em03,0.001,absolute_a1p80_N256_seed102_etaabs_1em03,600.0,0.18430118110189161,0.8090209198213498,53.5,True,28.0,False,True,30.0,False
absolute,1.8,256,102,0.003,etaabs_3em03,0.003,absolute_a1p80_N256_seed102_etaabs_3em03,600.0,0.17841873769639455,0.8131214272904663,37.5,True,12.5,False,True,14.5,False
absolute,1.8,256,103,0.0001,etaabs_1em04,0.0001,absolute_a1p80_N256_seed103_etaabs_1em04,600.0,0.1607714074799032,0.8204740283136491,268.0,True,238.0,False,True,242.0,False
absolute,1.8,256,103,0.0003,etaabs_3em04,0.0003,absolute_a1p80_N256_seed103_etaabs_3em04,600.0,0.1725362942908974,0.8233895073305821,109.5,True,83.5,False,True,86.5,False
absolute,1.8,256,103,0.001,etaabs_1em03,0.001,absolute_a1p80_N256_seed103_etaabs_1em03,600.0,0.19018362450738874,0.7994357350014036,55.0,True,28.0,False,True,30.5,False
absolute,1.8,256,103,0.003,etaabs_3em03,0.003,absolute_a1p80_N256_seed103_etaabs_3em03,600.0,0.1725362942908974,0.817916416959913,36.5,True,12.5,False,True,15.0,False
absolute,1.8,256,104,0.0001,etaabs_1em04,0.0001,absolute_a1p80_N256_seed104_etaabs_1em04,600.0,0.18430118110189164,0.7920120256018286,253.0,True,234.5,False,True,237.5,False
absolute,1.8,256,104,0.0003,etaabs_3em04,0.0003,absolute_a1p80_N256_seed104_etaabs_3em04,600.0,0.1666538508854003,0.8137894384160351,108.0,True,82.0,False,True,85.0,False
absolute,1.8,256,104,0.001,etaabs_1em03,0.001,absolute_a1p80_N256_seed104_etaabs_1em03,600.0,0.2725378321843482,0.7186498472834945,52.5,True,28.0,False,True,30.0,False
absolute,1.8,256,104,0.003,etaabs_3em03,0.003,absolute_a1p80_N256_seed104_etaabs_3em03,600.0,0.18430118110189161,0.800639647845016,35.0,True,12.5,False,True,15.0,False
absolute,1.8,256,105,0.0001,etaabs_1em04,0.0001,absolute_a1p80_N256_seed105_etaabs_1em04,600.0,0.19606606791288583,0.8000769016787834,260.0,True,239.0,False,True,242.5,False
absolute,1.8,256,105,0.0003,etaabs_3em04,0.0003,absolute_a1p80_N256_seed105_etaabs_3em04,600.0,0.18430118110189164,0.7909926377486788,104.5,True,83.0,False,True,86.0,False
absolute,1.8,256,105,0.001,etaabs_1em03,0.001,absolute_a1p80_N256_seed105_etaabs_1em03,600.0,0.20783095472388002,0.7875566015113324,53.0,True,27.5,False,True,30.0,False
absolute,1.8,256,105,0.003,etaabs_3em03,0.003,absolute_a1p80_N256_seed105_etaabs_3em03,600.0,0.1666538508854003,0.8190110460788413,37.0,True,12.5,False,True,14.5,False
absolute,1.74,64,101,0.0001,etaabs_1em04,0.0001,absolute_a1p74_N64_seed101_etaabs_1em04,600.0,0.12676411290283962,0.8571070096866713,489.5,True,462.5,False,True,469.5,False
absolute,1.74,64,101,0.0003,etaabs_3em04,0.0003,absolute_a1p74_N64_seed101_etaabs_3em04,600.0,0.2220262096767757,0.7079185216701437,191.5,True,159.5,False,True,168.0,False
absolute,1.74,64,101,0.001,etaabs_1em03,0.001,absolute_a1p74_N64_seed101_etaabs_1em03,600.0,0.12676411290283962,0.8571637594125581,75.0,True,53.0,False,True,56.5,False
absolute,1.74,64,101,0.003,etaabs_3em03,0.003,absolute_a1p74_N64_seed101_etaabs_3em03,600.0,0.17439516128980764,0.8095991618776415,37.0,True,20.0,False,True,22.0,False
absolute,1.74,64,102,0.0001,etaabs_1em04,0.0001,absolute_a1p74_N64_seed102_etaabs_1em04,600.0,0.22202620967677567,0.7618216057792644,476.0,True,449.5,False,True,456.0,False
absolute,1.74,64,102,0.0003,etaabs_3em04,0.0003,absolute_a1p74_N64_seed102_etaabs_3em04,600.0,0.2220262096767757,0.7193757083809624,184.0,True,155.0,False,True,161.5,False
absolute,1.74,64,102,0.001,etaabs_1em03,0.001,absolute_a1p74_N64_seed102_etaabs_1em03,600.0,0.17439516128980767,0.8095969387595368,69.0,True,51.0,False,True,56.0,False
absolute,1.74,64,102,0.003,etaabs_3em03,0.003,absolute_a1p74_N64_seed102_etaabs_3em03,600.0,0.12676411290283962,0.8570165406948234,45.5,True,19.0,False,True,22.0,False
absolute,1.74,64,103,0.0001,etaabs_1em04,0.0001,absolute_a1p74_N64_seed103_etaabs_1em04,600.0,0.17439516128980764,0.7318609669717627,493.5,True,456.0,False,True,463.5,False
absolute,1.74,64,103,0.0003,etaabs_3em04,0.0003,absolute_a1p74_N64_seed103_etaabs_3em04,600.0,0.17439516128980767,0.7671097870791139,185.0,True,157.5,False,True,163.0,False
absolute,1.74,64,103,0.001,etaabs_1em03,0.001,absolute_a1p74_N64_seed103_etaabs_1em03,600.0,0.22202620967677572,0.7619561547936282,76.0,True,51.5,False,True,56.0,False
absolute,1.74,64,103,0.003,etaabs_3em03,0.003,absolute_a1p74_N64_seed103_etaabs_3em03,600.0,0.17439516128980767,0.7678733125462334,47.0,True,19.0,False,True,22.0,False
absolute,1.74,64,104,0.0001,etaabs_1em04,0.0001,absolute_a1p74_N64_seed104_etaabs_1em04,600.0,0.07913306451587157,0.8620774975150844,520.0,True,493.5,False,True,503.5,False
absolute,1.74,64,104,0.0003,etaabs_3em04,0.0003,absolute_a1p74_N64_seed104_etaabs_3em04,600.0,0.17439516128980764,0.7552518348262529,194.5,True,168.5,False,True,176.0,False
absolute,1.74,64,104,0.001,etaabs_1em03,0.001,absolute_a1p74_N64_seed104_etaabs_1em03,600.0,0.07913306451587157,0.904741992035468,71.5,True,53.5,False,True,59.0,False
absolute,1.74,64,104,0.003,etaabs_3em03,0.003,absolute_a1p74_N64_seed104_etaabs_3em03,600.0,0.2220262096767757,0.6994372254896686,50.5,True,19.0,False,True,22.0,False
absolute,1.74,64,105,0.0001,etaabs_1em04,0.0001,absolute_a1p74_N64_seed105_etaabs_1em04,600.0,0.12676411290283962,0.8135565465648562,506.0,True,476.0,False,True,484.0,False
absolute,1.74,64,105,0.0003,etaabs_3em04,0.0003,absolute_a1p74_N64_seed105_etaabs_3em04,600.0,0.17439516128980764,0.8110959174850428,188.5,True,163.5,False,True,168.5,False
absolute,1.74,64,105,0.001,etaabs_1em03,0.001,absolute_a1p74_N64_seed105_etaabs_1em03,600.0,0.17439516128980764,0.8109787121124785,70.0,True,52.0,False,True,56.0,False
absolute,1.74,64,105,0.003,etaabs_3em03,0.003,absolute_a1p74_N64_seed105_etaabs_3em03,600.0,0.22202620967677572,0.762031005222825,36.5,True,18.5,False,True,22.0,False
absolute,1.74,128,101,0.0001,etaabs_1em04,0.0001,absolute_a1p74_N128_seed101_etaabs_1em04,600.0,0.25192212301517075,0.7006718196215204,357.5,True,325.0,False,True,331.0,False
absolute,1.74,128,101,0.0003,etaabs_3em04,0.0003,absolute_a1p74_N128_seed101_etaabs_3em04,600.0,0.2519221230151707,0.7389273533367788,140.0,True,113.0,False,True,118.0,False
absolute,1.74,128,101,0.001,etaabs_1em03,0.001,absolute_a1p74_N128_seed101_etaabs_1em03,600.0,0.21648685515812363,0.7479510077373663,63.0,True,36.5,False,True,40.0,False
absolute,1.74,128,101,0.003,etaabs_3em03,0.003,absolute_a1p74_N128_seed101_etaabs_3em03,600.0,0.18105158730107657,0.8089340663396349,41.5,True,14.5,False,True,16.5,False
absolute,1.74,128,102,0.0001,etaabs_1em04,0.0001,absolute_a1p74_N128_seed102_etaabs_1em04,600.0,0.1574280753963785,0.8120398760932779,351.5,True,322.0,False,True,329.0,False
absolute,1.74,128,102,0.0003,etaabs_3em04,0.0003,absolute_a1p74_N128_seed102_etaabs_3em04,600.0,0.22829861111047267,0.7634459825715838,141.5,True,113.5,False,True,118.5,False
absolute,1.74,128,102,0.001,etaabs_1em03,0.001,absolute_a1p74_N128_seed102_etaabs_1em03,600.0,0.25192212301517075,0.748266972147535,49.0,True,37.5,False,True,40.0,False
absolute,1.74,128,102,0.003,etaabs_3em03,0.003,absolute_a1p74_N128_seed102_etaabs_3em03,600.0,0.2046750992057746,0.7910752884992598,24.0,True,14.5,False,True,16.5,False
absolute,1.74,128,103,0.0001,etaabs_1em04,0.0001,absolute_a1p74_N128_seed103_etaabs_1em04,600.0,0.22829861111047264,0.7041858777842904,326.5,True,299.0,False,True,307.0,False
absolute,1.74,128,103,0.0003,etaabs_3em04,0.0003,absolute_a1p74_N128_seed103_etaabs_3em04,600.0,0.1574280753963785,0.7928652877277587,131.0,True,105.5,False,True,111.5,False
absolute,1.74,128,103,0.001,etaabs_1em03,0.001,absolute_a1p74_N128_seed103_etaabs_1em03,600.0,0.1574280753963785,0.8345931380357079,60.5,True,35.5,False,True,38.5,False
absolute,1.74,128,103,0.003,etaabs_3em03,0.003,absolute_a1p74_N128_seed103_etaabs_3em03,600.0,0.22829861111047267,0.7569636670229596,28.0,True,14.0,False,True,16.5,False
absolute,1.74,128,104,0.0001,etaabs_1em04,0.0001,absolute_a1p74_N128_seed104_etaabs_1em04,600.0,0.20467509920577462,0.7688544991876445,357.0,True,326.5,False,True,332.5,False
absolute,1.74,128,104,0.0003,etaabs_3em04,0.0003,absolute_a1p74_N128_seed104_etaabs_3em04,600.0,0.1574280753963785,0.7921981165297831,144.5,True,114.5,False,True,118.5,False
absolute,1.74,128,104,0.001,etaabs_1em03,0.001,absolute_a1p74_N128_seed104_etaabs_1em03,600.0,0.20467509920577462,0.7882526130683207,55.5,True,37.5,False,True,40.0,False
absolute,1.74,128,104,0.003,etaabs_3em03,0.003,absolute_a1p74_N128_seed104_etaabs_3em03,600.0,0.15742807539637851,0.8427326379805178,38.0,True,14.5,False,True,16.5,False
absolute,1.74,128,105,0.0001,etaabs_1em04,0.0001,absolute_a1p74_N128_seed105_etaabs_1em04,600.0,0.13380456349168043,0.857779882931661,360.0,True,331.0,False,True,335.5,False
absolute,1.74,128,105,0.0003,etaabs_3em04,0.0003,absolute_a1p74_N128_seed105_etaabs_3em04,600.0,0.1574280753963785,0.7717014035361554,139.5,True,114.5,False,True,118.0,False
absolute,1.74,128,105,0.001,etaabs_1em03,0.001,absolute_a1p74_N128_seed105_etaabs_1em03,600.0,0.20467509920577465,0.7680355276768044,54.5,True,37.5,False,True,40.5,False
absolute,1.74,128,105,0.003,etaabs_3em03,0.003,absolute_a1p74_N128_seed105_etaabs_3em03,600.0,0.18105158730107657,0.81106935402545,38.5,True,14.5,False,True,17.0,False
absolute,1.74,256,101,0.0001,etaabs_1em04,0.0001,absolute_a1p74_N256_seed101_etaabs_1em04,600.0,0.24312561515681258,0.7376200366029819,255.0,True,223.0,False,True,227.5,False
absolute,1.74,256,101,0.0003,etaabs_3em04,0.0003,absolute_a1p74_N256_seed101_etaabs_3em04,600.0,0.23136072834582078,0.7643668943902555,105.0,True,78.5,False,True,81.0,False
absolute,1.74,256,101,0.001,etaabs_1em03,0.001,absolute_a1p74_N256_seed101_etaabs_1em03,600.0,0.19018362450734938,0.8012411883201488,53.0,True,26.5,False,True,28.5,False
absolute,1.74,256,101,0.003,etaabs_3em03,0.003,absolute_a1p74_N256_seed101_etaabs_3em03,600.0,0.20194851131834124,0.760006130648317,37.0,True,12.0,False,True,14.0,False
absolute,1.74,256,102,0.0001,etaabs_1em04,0.0001,absolute_a1p74_N256_seed102_etaabs_1em04,600.0,0.21959584153482894,0.7556862868819243,254.0,True,233.5,False,True,237.5,False
absolute,1.74,256,102,0.0003,etaabs_3em04,0.0003,absolute_a1p74_N256_seed102_etaabs_3em04,600.0,0.23136072834582078,0.7437398533876115,108.0,True,81.5,False,True,84.5,False
absolute,1.74,256,102,0.001,etaabs_1em03,0.001,absolute_a1p74_N256_seed102_etaabs_1em03,600.0,0.1960660679128453,0.7909270570863599,53.5,True,27.0,False,True,29.0,False
absolute,1.74,256,102,0.003,etaabs_3em03,0.003,absolute_a1p74_N256_seed102_etaabs_3em03,600.0,0.1960660679128453,0.8028656053474701,34.0,True,12.5,False,True,14.5,False
absolute,1.74,256,103,0.0001,etaabs_1em04,0.0001,absolute_a1p74_N256_seed103_etaabs_1em04,600.0,0.17253629429086165,0.8165031587519214,259.0,True,228.5,False,True,232.5,False
absolute,1.74,256,103,0.0003,etaabs_3em04,0.0003,absolute_a1p74_N256_seed103_etaabs_3em04,600.0,0.21959584153482892,0.7717427712576708,98.5,True,80.5,False,True,83.5,False
absolute,1.74,256,103,0.001,etaabs_1em03,0.001,absolute_a1p74_N256_seed103_etaabs_1em03,600.0,0.1960660679128453,0.8002539095665162,51.5,True,27.0,False,True,29.5,False
absolute,1.74,256,103,0.003,etaabs_3em03,0.003,absolute_a1p74_N256_seed103_etaabs_3em03,600.0,0.20194851131834118,0.7639779179549635,40.5,True,12.5,False,True,15.0,False
absolute,1.74,256,104,0.0001,etaabs_1em04,0.0001,absolute_a1p74_N256_seed104_etaabs_1em04,600.0,0.21959584153482894,0.7557001666594141,246.0,True,224.5,False,True,228.5,False
absolute,1.74,256,104,0.0003,etaabs_3em04,0.0003,absolute_a1p74_N256_seed104_etaabs_3em04,600.0,0.17253629429086165,0.8185105962818627,107.0,True,79.0,False,True,82.0,False
absolute,1.74,256,104,0.001,etaabs_1em03,0.001,absolute_a1p74_N256_seed104_etaabs_1em03,600.0,0.2431256151568126,0.7301071362433049,54.5,True,27.0,False,True,29.0,False
absolute,1.74,256,104,0.003,etaabs_3em03,0.003,absolute_a1p74_N256_seed104_etaabs_3em03,600.0,0.21371339812933304,0.7918660863866968,33.5,True,12.5,False,True,15.0,False
absolute,1.74,256,105,0.0001,etaabs_1em04,0.0001,absolute_a1p74_N256_seed105_etaabs_1em04,600.0,0.17253629429086165,0.8231934235317717,257.0,True,229.0,False,True,233.0,False
absolute,1.74,256,105,0.0003,etaabs_3em04,0.0003,absolute_a1p74_N256_seed105_etaabs_3em04,600.0,0.18430118110185348,0.7895216876828912,108.0,True,80.0,False,True,83.0,False
absolute,1.74,256,105,0.001,etaabs_1em03,0.001,absolute_a1p74_N256_seed105_etaabs_1em03,600.0,0.2078309547238371,0.7769460199365306,49.0,True,26.5,False,True,29.0,False
absolute,1.74,256,105,0.003,etaabs_3em03,0.003,absolute_a1p74_N256_seed105_etaabs_3em03,600.0,0.2078309547238371,0.7932991053433616,34.0,True,12.5,False,True,14.5,False
relative,1.8,64,101,0.05,etarel_c0p05,0.0006349206349206349,relative_a1p80_N64_seed101_etarel_c0p05,600.0,0.1743951612898463,0.7671654404361371,106.5,True,82.0,False,True,89.0,False
relative,1.8,64,101,0.1,etarel_c0p10,0.0012698412698412698,relative_a1p80_N64_seed101_etarel_c0p10,600.0,0.1267641129028686,0.857098491159602,68.0,True,44.5,False,True,47.5,False
relative,1.8,64,101,0.2,etarel_c0p20,0.0025396825396825397,relative_a1p80_N64_seed101_etarel_c0p20,600.0,0.1267641129028686,0.807880397832125,53.5,True,24.0,False,True,26.0,False
relative,1.8,64,101,0.5,etarel_c0p50,0.006349206349206349,relative_a1p80_N64_seed101_etarel_c0p50,600.0,0.1743951612898463,0.8182981052233469,24.5,True,11.0,False,True,13.0,False
relative,1.8,64,101,1.0,etarel_c1p00,0.012698412698412698,relative_a1p80_N64_seed101_etarel_c1p00,600.0,0.17439516128984628,0.8137287690360391,18.5,True,7.0,False,True,9.5,False
relative,1.8,64,102,0.05,etarel_c0p05,0.0006349206349206349,relative_a1p80_N64_seed102_etarel_c0p05,600.0,0.2696572580638017,0.7145148430332373,102.5,True,79.5,False,True,87.0,False
relative,1.8,64,102,0.1,etarel_c0p10,0.0012698412698412698,relative_a1p80_N64_seed102_etarel_c0p10,600.0,0.22202620967682396,0.6777991852030523,59.5,True,42.5,False,True,47.5,False
relative,1.8,64,102,0.2,etarel_c0p20,0.0025396825396825397,relative_a1p80_N64_seed102_etarel_c0p20,600.0,0.17439516128984628,0.8092926837612289,51.0,True,23.0,False,True,26.0,False
relative,1.8,64,102,0.5,etarel_c0p50,0.006349206349206349,relative_a1p80_N64_seed102_etarel_c0p50,600.0,0.22202620967682402,0.7705009725814944,27.0,True,10.5,False,True,13.0,False
relative,1.8,64,102,1.0,etarel_c1p00,0.012698412698412698,relative_a1p80_N64_seed102_etarel_c1p00,600.0,0.1267641129028686,0.8571712548509481,23.5,True,7.0,False,True,9.0,False
relative,1.8,64,103,0.05,etarel_c0p05,0.0006349206349206349,relative_a1p80_N64_seed103_etarel_c0p05,600.0,0.17439516128984633,0.7682835093051813,115.5,True,81.0,False,True,86.0,False
relative,1.8,64,103,0.1,etarel_c0p10,0.0012698412698412698,relative_a1p80_N64_seed103_etarel_c0p10,600.0,0.1267641129028686,0.8150837666628166,63.5,True,43.0,False,True,47.0,False
relative,1.8,64,103,0.2,etarel_c0p20,0.0025396825396825397,relative_a1p80_N64_seed103_etarel_c0p20,600.0,0.1743951612898463,0.8098441970859596,38.0,True,23.0,False,True,26.0,False
relative,1.8,64,103,0.5,etarel_c0p50,0.006349206349206349,relative_a1p80_N64_seed103_etarel_c0p50,600.0,0.15057963709635744,0.8175160034371669,20.0,True,10.0,False,True,12.0,False
relative,1.8,64,103,1.0,etarel_c1p00,0.012698412698412698,relative_a1p80_N64_seed103_etarel_c1p00,600.0,0.22202620967682402,0.7680169198108959,13.5,True,6.5,False,True,8.0,False
relative,1.8,64,104,0.05,etarel_c0p05,0.0006349206349206349,relative_a1p80_N64_seed104_etarel_c0p05,600.0,0.1267641129028686,0.8148208912520705,106.5,True,85.5,False,True,91.5,False
relative,1.8,64,104,0.1,etarel_c0p10,0.0012698412698412698,relative_a1p80_N64_seed104_etarel_c0p10,600.0,0.1743951612898463,0.8102198104786937,64.5,True,44.5,False,True,49.5,False
relative,1.8,64,104,0.2,etarel_c0p20,0.0025396825396825397,relative_a1p80_N64_seed104_etarel_c0p20,600.0,0.22202620967682402,0.7628455727036121,39.5,True,23.0,False,True,26.5,False
relative,1.8,64,104,0.5,etarel_c0p50,0.006349206349206349,relative_a1p80_N64_seed104_etarel_c0p50,600.0,0.24584173387031286,0.7660360826566524,23.5,True,10.0,False,True,13.0,False
relative,1.8,64,104,1.0,etarel_c1p00,0.012698412698412698,relative_a1p80_N64_seed104_etarel_c1p00,600.0,0.19821068548333515,0.764585497761487,35.5,True,6.0,False,True,9.0,False
relative,1.8,64,105,0.05,etarel_c0p05,0.0006349206349206349,relative_a1p80_N64_seed105_etarel_c0p05,600.0,0.1267641129028686,0.8566875031060965,113.0,True,83.5,False,True,87.5,False
relative,1.8,64,105,0.1,etarel_c0p10,0.0012698412698412698,relative_a1p80_N64_seed105_etarel_c0p10,600.0,0.1267641129028686,0.8575385627564962,66.5,True,43.5,False,True,47.0,False
relative,1.8,64,105,0.2,etarel_c0p20,0.0025396825396825397,relative_a1p80_N64_seed105_etarel_c0p20,600.0,0.222026209676824,0.7529257967968224,52.0,True,22.5,False,True,26.0,False
relative,1.8,64,105,0.5,etarel_c0p50,0.006349206349206349,relative_a1p80_N64_seed105_etarel_c0p50,600.0,0.1267641129028686,0.8572264632939889,27.5,True,10.0,False,True,12.5,False
relative,1.8,64,105,1.0,etarel_c1p00,0.012698412698412698,relative_a1p80_N64_seed105_etarel_c1p00,600.0,0.22202620967682402,0.7170281396266558,34.5,True,6.0,False,True,8.0,False
relative,1.8,128,101,0.05,etarel_c0p05,0.0003149606299212599,relative_a1p80_N128_seed101_etarel_c0p05,600.0,0.2519221230152234,0.7222449809162563,141.5,True,112.0,False,True,117.0,False
relative,1.8,128,101,0.1,etarel_c0p10,0.0006299212598425198,relative_a1p80_N128_seed101_etarel_c0p10,600.0,0.27554563491992623,0.7209645711028041,71.5,True,58.0,False,True,62.5,False
relative,1.8,128,101,0.2,etarel_c0p20,0.0012598425196850395,relative_a1p80_N128_seed101_etarel_c0p20,600.0,0.22829861111052055,0.7637267643324532,56.0,True,31.0,False,True,34.0,False
relative,1.8,128,101,0.5,etarel_c0p50,0.003149606299212599,relative_a1p80_N128_seed101_etarel_c0p50,600.0,0.19286334325346627,0.8112028607721393,35.0,True,14.5,False,True,16.5,False
relative,1.8,128,101,1.0,etarel_c1p00,0.006299212598425198,relative_a1p80_N128_seed101_etarel_c1p00,600.0,0.20467509920581772,0.7864214811499124,34.0,True,9.5,False,True,11.5,False
relative,1.8,128,102,0.05,etarel_c0p05,0.0003149606299212599,relative_a1p80_N128_seed102_etarel_c0p05,600.0,0.22829861111052055,0.7640203800052155,135.0,True,112.5,False,True,117.5,False
relative,1.8,128,102,0.1,etarel_c0p10,0.0006299212598425198,relative_a1p80_N128_seed102_etarel_c0p10,600.0,0.22829861111052052,0.7638676010150017,78.5,True,59.5,False,True,63.0,False
relative,1.8,128,102,0.2,etarel_c0p20,0.0012598425196850395,relative_a1p80_N128_seed102_etarel_c0p20,600.0,0.22829861111052055,0.7754566645804201,55.0,True,31.5,False,True,34.0,False
relative,1.8,128,102,0.5,etarel_c0p50,0.003149606299212599,relative_a1p80_N128_seed102_etarel_c0p50,600.0,0.24011036706287198,0.7780451171564877,24.0,True,14.0,False,True,16.5,False
relative,1.8,128,102,1.0,etarel_c1p00,0.006299212598425198,relative_a1p80_N128_seed102_etarel_c1p00,600.0,0.24011036706287198,0.7418188897470853,30.0,True,9.0,False,True,11.0,False
relative,1.8,128,103,0.05,etarel_c0p05,0.0003149606299212599,relative_a1p80_N128_seed103_etarel_c0p05,600.0,0.13380456349170916,0.8373443142666206,130.0,True,105.0,False,True,110.5,False
relative,1.8,128,103,0.1,etarel_c0p10,0.0006299212598425198,relative_a1p80_N128_seed103_etarel_c0p10,600.0,0.20467509920581772,0.745517136410444,75.0,True,56.0,False,True,59.5,False
relative,1.8,128,103,0.2,etarel_c0p20,0.0012598425196850395,relative_a1p80_N128_seed103_etarel_c0p20,600.0,0.18105158730111484,0.8105193713571908,55.0,True,30.0,False,True,32.5,False
relative,1.8,128,103,0.5,etarel_c0p50,0.003149606299212599,relative_a1p80_N128_seed103_etarel_c0p50,600.0,0.20467509920581767,0.7760524188118934,32.0,True,13.5,False,True,16.0,False
relative,1.8,128,103,1.0,etarel_c1p00,0.006299212598425198,relative_a1p80_N128_seed103_etarel_c1p00,600.0,0.22829861111052055,0.7714976944557012,38.0,True,9.0,False,True,11.0,False
relative,1.8,128,104,0.05,etarel_c0p05,0.0003149606299212599,relative_a1p80_N128_seed104_etarel_c0p05,600.0,0.15742807539641201,0.7925698047988654,141.5,True,114.0,False,True,118.0,False
relative,1.8,128,104,0.1,etarel_c0p10,0.0006299212598425198,relative_a1p80_N128_seed104_etarel_c0p10,600.0,0.2046750992058177,0.789482344028839,73.5,True,60.0,False,True,62.5,False
relative,1.8,128,104,0.2,etarel_c0p20,0.0012598425196850395,relative_a1p80_N128_seed104_etarel_c0p20,600.0,0.13380456349170916,0.837265016143214,53.0,True,31.5,False,True,34.0,False
relative,1.8,128,104,0.5,etarel_c0p50,0.003149606299212599,relative_a1p80_N128_seed104_etarel_c0p50,600.0,0.15742807539641201,0.8138134495335076,38.5,True,14.5,False,True,16.0,False
relative,1.8,128,104,1.0,etarel_c1p00,0.006299212598425198,relative_a1p80_N128_seed104_etarel_c1p00,600.0,0.13380456349170916,0.8581369959253207,33.0,True,9.0,False,True,11.0,False
relative,1.8,128,105,0.05,etarel_c0p05,0.0003149606299212599,relative_a1p80_N128_seed105_etarel_c0p05,600.0,0.1915511422148135,0.7689484291855642,140.0,True,113.5,False,True,117.0,False
relative,1.8,128,105,0.1,etarel_c0p10,0.0006299212598425198,relative_a1p80_N128_seed105_etarel_c0p10,600.0,0.22829861111052058,0.7649475818344837,74.5,True,59.5,False,True,62.5,False
relative,1.8,128,105,0.2,etarel_c0p20,0.0012598425196850395,relative_a1p80_N128_seed105_etarel_c0p20,600.0,0.15742807539641201,0.8122647072016215,60.0,True,31.5,False,True,34.0,False
relative,1.8,128,105,0.5,etarel_c0p50,0.003149606299212599,relative_a1p80_N128_seed105_etarel_c0p50,600.0,0.16923983134876344,0.8020394395080165,35.0,True,14.5,False,True,17.0,False
relative,1.8,128,105,1.0,etarel_c1p00,0.006299212598425198,relative_a1p80_N128_seed105_etarel_c1p00,600.0,0.14561631944406056,0.8494403778674158,32.5,True,9.5,False,True,11.5,False
relative,1.8,256,101,0.05,etarel_c0p05,0.00015686274509803925,relative_a1p80_N256_seed101_etarel_c0p05,600.0,0.23136072834586846,0.7542743928516289,173.0,True,151.0,False,True,154.0,False
relative,1.8,256,101,0.1,etarel_c0p10,0.0003137254901960785,relative_a1p80_N256_seed101_etarel_c0p10,600.0,0.18430118110189161,0.8115956429022008,104.5,True,78.0,False,True,81.0,False
relative,1.8,256,101,0.2,etarel_c0p20,0.000627450980392157,relative_a1p80_N256_seed101_etarel_c0p20,600.0,0.21959584153487427,0.7578820127548473,68.5,True,41.5,False,True,43.5,False
relative,1.8,256,101,0.5,etarel_c0p50,0.0015686274509803923,relative_a1p80_N256_seed101_etarel_c0p50,600.0,0.17253629429089742,0.8328168125093406,43.5,True,18.5,False,True,20.5,False
relative,1.8,256,101,1.0,etarel_c1p00,0.0031372549019607846,relative_a1p80_N256_seed101_etarel_c1p00,600.0,0.21959584153487427,0.759256358857944,37.5,True,12.0,False,True,14.0,False
relative,1.8,256,102,0.05,etarel_c0p05,0.00015686274509803925,relative_a1p80_N256_seed102_etarel_c0p05,600.0,0.23136072834586846,0.7435285102794177,185.5,True,157.5,False,True,161.0,False
relative,1.8,256,102,0.1,etarel_c0p10,0.0003137254901960785,relative_a1p80_N256_seed102_etarel_c0p10,600.0,0.23136072834586846,0.7542338460297191,106.5,True,81.5,False,True,84.0,False
relative,1.8,256,102,0.2,etarel_c0p20,0.000627450980392157,relative_a1p80_N256_seed102_etarel_c0p20,600.0,0.2666553887788511,0.7303301539477468,60.0,True,43.0,False,True,45.0,False
relative,1.8,256,102,0.5,etarel_c0p50,0.0015686274509803923,relative_a1p80_N256_seed102_etarel_c0p50,600.0,0.19606606791288583,0.8050108049310065,39.0,True,19.0,False,True,21.0,False
relative,1.8,256,102,1.0,etarel_c1p00,0.0031372549019607846,relative_a1p80_N256_seed102_etarel_c1p00,600.0,0.19606606791288583,0.799775772950442,36.5,True,12.0,False,True,14.5,False
relative,1.8,256,103,0.05,etarel_c0p05,0.00015686274509803925,relative_a1p80_N256_seed103_etarel_c0p05,600.0,0.18430118110189164,0.7816940901905456,183.5,True,154.5,False,True,158.0,False
relative,1.8,256,103,0.1,etarel_c0p10,0.0003137254901960785,relative_a1p80_N256_seed103_etarel_c0p10,600.0,0.19606606791288583,0.8000678890497925,102.5,True,80.0,False,True,83.0,False
relative,1.8,256,103,0.2,etarel_c0p20,0.000627450980392157,relative_a1p80_N256_seed103_etarel_c0p20,600.0,0.1548889640744061,0.8284624311195812,64.5,True,42.5,False,True,45.0,False
relative,1.8,256,103,0.5,etarel_c0p50,0.0015686274509803923,relative_a1p80_N256_seed103_etarel_c0p50,600.0,0.24900805856235977,0.7508198155301864,43.0,True,19.0,False,True,21.5,False
relative,1.8,256,103,1.0,etarel_c1p00,0.0031372549019607846,relative_a1p80_N256_seed103_etarel_c1p00,600.0,0.1666538508854003,0.8221537321950726,36.0,True,12.0,False,True,14.5,False
relative,1.8,256,104,0.05,etarel_c0p05,0.00015686274509803925,relative_a1p80_N256_seed104_etarel_c0p05,600.0,0.20783095472388005,0.7777546705435503,178.5,True,152.0,False,True,155.0,False
relative,1.8,256,104,0.1,etarel_c0p10,0.0003137254901960785,relative_a1p80_N256_seed104_etarel_c0p10,600.0,0.1725362942908974,0.7921105021335009,102.5,True,79.0,False,True,81.5,False
relative,1.8,256,104,0.2,etarel_c0p20,0.000627450980392157,relative_a1p80_N256_seed104_etarel_c0p20,600.0,0.19606606791288583,0.7891453674473652,69.5,True,42.0,False,True,44.0,False
relative,1.8,256,104,0.5,etarel_c0p50,0.0015686274509803923,relative_a1p80_N256_seed104_etarel_c0p50,600.0,0.21371339812937715,0.7761408867010875,42.5,True,19.0,False,True,21.5,False
relative,1.8,256,104,1.0,etarel_c1p00,0.0031372549019607846,relative_a1p80_N256_seed104_etarel_c1p00,600.0,0.20783095472388002,0.8019312125374454,36.0,True,12.5,False,True,14.5,False
relative,1.8,256,105,0.05,etarel_c0p05,0.00015686274509803925,relative_a1p80_N256_seed105_etarel_c0p05,600.0,0.19606606791288583,0.7886543257149277,183.0,True,154.5,False,True,158.0,False
relative,1.8,256,105,0.1,etarel_c0p10,0.0003137254901960785,relative_a1p80_N256_seed105_etarel_c0p10,600.0,0.1725362942908974,0.7992829017949025,109.0,True,79.5,False,True,82.5,False
relative,1.8,256,105,0.2,etarel_c0p20,0.000627450980392157,relative_a1p80_N256_seed105_etarel_c0p20,600.0,0.18430118110189164,0.7909560183542705,65.0,True,41.5,False,True,44.5,False
relative,1.8,256,105,0.5,etarel_c0p50,0.0015686274509803923,relative_a1p80_N256_seed105_etarel_c0p50,600.0,0.21959584153487421,0.7770932956678306,40.0,True,19.0,False,True,21.0,False
relative,1.8,256,105,1.0,etarel_c1p00,0.0031372549019607846,relative_a1p80_N256_seed105_etarel_c1p00,600.0,0.19018362450738874,0.807892515686773,37.0,True,12.0,False,True,14.5,False
relative,1.74,64,101,0.05,etarel_c0p05,0.0005873015873015873,relative_a1p74_N64_seed101_etarel_c0p05,600.0,0.17439516128980764,0.7671557467994365,110.0,True,85.0,False,True,92.5,False
relative,1.74,64,101,0.1,etarel_c0p10,0.0011746031746031746,relative_a1p74_N64_seed101_etarel_c0p10,600.0,0.12676411290283962,0.8570737738241143,71.0,True,46.0,False,True,49.0,False
relative,1.74,64,101,0.2,etarel_c0p20,0.002349206349206349,relative_a1p74_N64_seed101_etarel_c0p20,600.0,0.12676411290283962,0.8011723887019959,55.5,True,24.5,False,True,27.0,False
relative,1.74,64,101,0.5,etarel_c0p50,0.005873015873015873,relative_a1p74_N64_seed101_etarel_c0p50,600.0,0.17439516128980767,0.8232426918497884,25.5,True,11.5,False,True,13.5,False
relative,1.74,64,101,1.0,etarel_c1p00,0.011746031746031746,relative_a1p74_N64_seed101_etarel_c1p00,600.0,0.17439516128980764,0.8154505822202017,19.0,True,7.5,False,True,10.0,False
relative,1.74,64,102,0.05,etarel_c0p05,0.0005873015873015873,relative_a1p74_N64_seed102_etarel_c0p05,600.0,0.26965725806374374,0.7145978758807013,105.5,True,82.5,False,True,90.0,False
relative,1.74,64,102,0.1,etarel_c0p10,0.0011746031746031746,relative_a1p74_N64_seed102_etarel_c0p10,600.0,0.2220262096767757,0.7069386758180437,77.0,True,44.0,False,True,49.5,False
relative,1.74,64,102,0.2,etarel_c0p20,0.002349206349206349,relative_a1p74_N64_seed102_etarel_c0p20,600.0,0.22202620967677572,0.7604927362291478,54.5,True,23.5,False,True,27.0,False
relative,1.74,64,102,0.5,etarel_c0p50,0.005873015873015873,relative_a1p74_N64_seed102_etarel_c0p50,600.0,0.22202620967677572,0.7637698536324916,28.0,True,11.0,False,True,13.5,False
relative,1.74,64,102,1.0,etarel_c1p00,0.011746031746031746,relative_a1p74_N64_seed102_etarel_c1p00,600.0,0.12676411290283962,0.8572143962728672,24.0,True,7.0,False,True,9.5,False
relative,1.74,64,103,0.05,etarel_c0p05,0.0005873015873015873,relative_a1p74_N64_seed103_etarel_c0p05,600.0,0.22202620967677572,0.7605969765759528,115.5,True,83.5,False,True,89.0,False
relative,1.74,64,103,0.1,etarel_c0p10,0.0011746031746031746,relative_a1p74_N64_seed103_etarel_c0p10,600.0,0.12676411290283962,0.8149721469968232,66.5,True,44.5,False,True,48.5,False
relative,1.74,64,103,0.2,etarel_c0p20,0.002349206349206349,relative_a1p74_N64_seed103_etarel_c0p20,600.0,0.17439516128980767,0.8098900996618625,40.0,True,24.0,False,True,27.0,False
relative,1.74,64,103,0.5,etarel_c0p50,0.005873015873015873,relative_a1p74_N64_seed103_etarel_c0p50,600.0,0.15057963709632363,0.8229841891898015,20.5,True,10.5,False,True,12.5,False
relative,1.74,64,103,1.0,etarel_c1p00,0.011746031746031746,relative_a1p74_N64_seed103_etarel_c1p00,600.0,0.22202620967677572,0.7693472354716017,14.0,True,6.5,False,True,8.5,False
relative,1.74,64,104,0.05,etarel_c0p05,0.0005873015873015873,relative_a1p74_N64_seed104_etarel_c0p05,600.0,0.12676411290283962,0.8149226963459899,109.5,True,88.5,False,True,95.0,False
relative,1.74,64,104,0.1,etarel_c0p10,0.0011746031746031746,relative_a1p74_N64_seed104_etarel_c0p10,600.0,0.17439516128980764,0.8116822753670421,65.5,True,46.0,False,True,51.5,False
relative,1.74,64,104,0.2,etarel_c0p20,0.002349206349206349,relative_a1p74_N64_seed104_etarel_c0p20,600.0,0.22202620967677572,0.7635378966060278,41.0,True,24.0,False,True,27.5,False
relative,1.74,64,104,0.5,etarel_c0p50,0.005873015873015873,relative_a1p74_N64_seed104_etarel_c0p50,600.0,0.17439516128980764,0.8091668263369118,29.5,True,10.5,False,True,13.5,False
relative,1.74,64,104,1.0,etarel_c1p00,0.011746031746031746,relative_a1p74_N64_seed104_etarel_c1p00,600.0,0.22202620967677572,0.7825771770714405,35.5,True,6.5,False,True,9.0,False
relative,1.74,64,105,0.05,etarel_c0p05,0.0005873015873015873,relative_a1p74_N64_seed105_etarel_c0p05,600.0,0.12676411290283962,0.8524199184026375,118.5,True,86.0,False,True,90.5,False
relative,1.74,64,105,0.1,etarel_c0p10,0.0011746031746031746,relative_a1p74_N64_seed105_etarel_c0p10,600.0,0.12676411290283962,0.8625066947775473,65.5,True,45.0,False,True,48.5,False
relative,1.74,64,105,0.2,etarel_c0p20,0.002349206349206349,relative_a1p74_N64_seed105_etarel_c0p20,600.0,0.17439516128980767,0.8102250867964138,49.5,True,23.5,False,True,27.0,False
relative,1.74,64,105,0.5,etarel_c0p50,0.005873015873015873,relative_a1p74_N64_seed105_etarel_c0p50,600.0,0.12676411290283962,0.8573491203310698,27.5,True,10.5,False,True,13.0,False
relative,1.74,64,105,1.0,etarel_c1p00,0.011746031746031746,relative_a1p74_N64_seed105_etarel_c1p00,600.0,0.22202620967677572,0.7118948011267556,36.0,True,6.5,False,True,8.5,False
relative,1.74,128,101,0.05,etarel_c0p05,0.00029133858267716534,relative_a1p74_N128_seed101_etarel_c0p05,600.0,0.26373387896751976,0.7100171871317589,137.5,True,116.0,False,True,121.0,False
relative,1.74,128,101,0.1,etarel_c0p10,0.0005826771653543307,relative_a1p74_N128_seed101_etarel_c0p10,600.0,0.27554563491986883,0.720586102400079,73.5,True,60.0,False,True,64.5,False
relative,1.74,128,101,0.2,etarel_c0p20,0.0011653543307086614,relative_a1p74_N128_seed101_etarel_c0p20,600.0,0.22829861111047267,0.7637599310562262,57.0,True,32.0,False,True,35.0,False
relative,1.74,128,101,0.5,etarel_c0p50,0.0029133858267716534,relative_a1p74_N128_seed101_etarel_c0p50,600.0,0.19286334325342558,0.8113431051924179,34.0,True,15.0,False,True,17.0,False
relative,1.74,128,101,1.0,etarel_c1p00,0.005826771653543307,relative_a1p74_N128_seed101_etarel_c1p00,600.0,0.21648685515812366,0.7745663184586186,35.0,True,9.5,False,True,12.0,False
relative,1.74,128,102,0.05,etarel_c0p05,0.00029133858267716534,relative_a1p74_N128_seed102_etarel_c0p05,600.0,0.20467509920577462,0.7921168466120735,140.0,True,116.5,False,True,121.5,False
relative,1.74,128,102,0.1,etarel_c0p10,0.0005826771653543307,relative_a1p74_N128_seed102_etarel_c0p10,600.0,0.22829861111047267,0.7637859267876544,85.5,True,61.5,False,True,65.0,False
relative,1.74,128,102,0.2,etarel_c0p20,0.0011653543307086614,relative_a1p74_N128_seed102_etarel_c0p20,600.0,0.22829861111047267,0.7637418674296083,57.0,True,32.5,False,True,35.0,False
relative,1.74,128,102,0.5,etarel_c0p50,0.0029133858267716534,relative_a1p74_N128_seed102_etarel_c0p50,600.0,0.22829861111047267,0.7896540476163759,25.0,True,14.5,False,True,17.0,False
relative,1.74,128,102,1.0,etarel_c1p00,0.005826771653543307,relative_a1p74_N128_seed102_etarel_c1p00,600.0,0.22829861111047267,0.7558702859191889,37.5,True,9.0,False,True,11.5,False
relative,1.74,128,103,0.05,etarel_c0p05,0.00029133858267716534,relative_a1p74_N128_seed103_etarel_c0p05,600.0,0.11018105158698238,0.8609376494033244,134.5,True,108.5,False,True,114.5,False
relative,1.74,128,103,0.1,etarel_c0p10,0.0005826771653543307,relative_a1p74_N128_seed103_etarel_c0p10,600.0,0.20467509920577465,0.7454740298430066,81.0,True,58.0,False,True,61.5,False
relative,1.74,128,103,0.2,etarel_c0p20,0.0011653543307086614,relative_a1p74_N128_seed103_etarel_c0p20,600.0,0.16923983134872753,0.8100244229432513,60.5,True,31.0,False,True,34.0,False
relative,1.74,128,103,0.5,etarel_c0p50,0.0029133858267716534,relative_a1p74_N128_seed103_etarel_c0p50,600.0,0.22829861111047267,0.7570947380859339,27.5,True,14.0,False,True,16.5,False
relative,1.74,128,103,1.0,etarel_c1p00,0.005826771653543307,relative_a1p74_N128_seed103_etarel_c1p00,600.0,0.2519221230151707,0.7366085106167313,37.5,True,9.0,False,True,11.5,False
relative,1.74,128,104,0.05,etarel_c0p05,0.00029133858267716534,relative_a1p74_N128_seed104_etarel_c0p05,600.0,0.1574280753963785,0.7925249114508137,146.0,True,118.0,False,True,122.0,False
relative,1.74,128,104,0.1,etarel_c0p10,0.0005826771653543307,relative_a1p74_N128_seed104_etarel_c0p10,600.0,0.22829861111047267,0.7862840451587019,71.0,True,62.0,False,True,65.0,False
relative,1.74,128,104,0.2,etarel_c0p20,0.0011653543307086614,relative_a1p74_N128_seed104_etarel_c0p20,600.0,0.14561631944402947,0.8256617543509845,53.0,True,32.5,False,True,35.0,False
relative,1.74,128,104,0.5,etarel_c0p50,0.0029133858267716534,relative_a1p74_N128_seed104_etarel_c0p50,600.0,0.15742807539637851,0.8219332573518772,44.5,True,15.0,False,True,16.5,False
relative,1.74,128,104,1.0,etarel_c1p00,0.005826771653543307,relative_a1p74_N128_seed104_etarel_c1p00,600.0,0.1338045634916804,0.8570899610358003,35.0,True,9.5,False,True,11.5,False
relative,1.74,128,105,0.05,etarel_c0p05,0.00029133858267716534,relative_a1p74_N128_seed105_etarel_c0p05,600.0,0.19155158765729943,0.7687866482664422,145.0,True,117.5,False,True,121.0,False
relative,1.74,128,105,0.1,etarel_c0p10,0.0005826771653543307,relative_a1p74_N128_seed105_etarel_c0p10,600.0,0.20467509920577462,0.7875807801374184,81.5,True,61.5,False,True,65.0,False
relative,1.74,128,105,0.2,etarel_c0p20,0.0011653543307086614,relative_a1p74_N128_seed105_etarel_c0p20,600.0,0.18105158730107657,0.8070462000568824,62.5,True,32.5,False,True,35.5,False
relative,1.74,128,105,0.5,etarel_c0p50,0.0029133858267716534,relative_a1p74_N128_seed105_etarel_c0p50,600.0,0.18105158730107657,0.8111352190371792,37.5,True,15.0,False,True,17.5,False
relative,1.74,128,105,1.0,etarel_c1p00,0.005826771653543307,relative_a1p74_N128_seed105_etarel_c1p00,600.0,0.1338045634916804,0.8640281790799771,37.0,True,9.5,False,True,12.0,False
relative,1.74,256,101,0.05,etarel_c0p05,0.00014509803921568628,relative_a1p74_N256_seed101_etarel_c0p05,600.0,0.24312561515681258,0.744123422563588,176.0,True,156.0,False,True,159.5,False
relative,1.74,256,101,0.1,etarel_c0p10,0.00029019607843137256,relative_a1p74_N256_seed101_etarel_c0p10,600.0,0.19606606791284528,0.800013454442773,106.0,True,81.0,False,True,83.5,False
relative,1.74,256,101,0.2,etarel_c0p20,0.0005803921568627451,relative_a1p74_N256_seed101_etarel_c0p20,600.0,0.21959584153482892,0.7556149893995635,67.5,True,42.5,False,True,45.0,False
relative,1.74,256,101,0.5,etarel_c0p50,0.0014509803921568627,relative_a1p74_N256_seed101_etarel_c0p50,600.0,0.1960660679128453,0.8120078341590715,44.0,True,19.5,False,True,21.5,False
relative,1.74,256,101,1.0,etarel_c1p00,0.0029019607843137254,relative_a1p74_N256_seed101_etarel_c1p00,600.0,0.2078309547238371,0.770924044366069,37.5,True,12.5,False,True,14.5,False
relative,1.74,256,102,0.05,etarel_c0p05,0.00014509803921568628,relative_a1p74_N256_seed102_etarel_c0p05,600.0,0.23136072834582075,0.7534781827116093,192.0,True,163.0,False,True,166.5,False
relative,1.74,256,102,0.1,etarel_c0p10,0.00029019607843137256,relative_a1p74_N256_seed102_etarel_c0p10,600.0,0.24312561515681258,0.7423341659933363,111.0,True,84.5,False,True,87.0,False
relative,1.74,256,102,0.2,etarel_c0p20,0.0005803921568627451,relative_a1p74_N256_seed102_etarel_c0p20,600.0,0.26665538877879624,0.7298838750861129,65.5,True,44.5,False,True,46.5,False
relative,1.74,256,102,0.5,etarel_c0p50,0.0014509803921568627,relative_a1p74_N256_seed102_etarel_c0p50,600.0,0.19606606791284528,0.7919809450042601,44.5,True,20.0,False,True,22.0,False
relative,1.74,256,102,1.0,etarel_c1p00,0.0029019607843137254,relative_a1p74_N256_seed102_etarel_c1p00,600.0,0.18430118110185345,0.8089975406130954,36.0,True,12.5,False,True,15.0,False
relative,1.74,256,103,0.05,etarel_c0p05,0.00014509803921568628,relative_a1p74_N256_seed103_etarel_c0p05,600.0,0.18430118110185345,0.782700661438666,189.5,True,160.0,False,True,163.5,False
relative,1.74,256,103,0.1,etarel_c0p10,0.00029019607843137256,relative_a1p74_N256_seed103_etarel_c0p10,600.0,0.2078309547238371,0.7879229760797855,109.5,True,83.0,False,True,86.0,False
relative,1.74,256,103,0.2,etarel_c0p20,0.0005803921568627451,relative_a1p74_N256_seed103_etarel_c0p20,600.0,0.15488896407437389,0.8338507348002551,70.0,True,44.0,False,True,46.5,False
relative,1.74,256,103,0.5,etarel_c0p50,0.0014509803921568627,relative_a1p74_N256_seed103_etarel_c0p50,600.0,0.22547828494032485,0.7672893446273881,44.5,True,19.5,False,True,22.5,False
relative,1.74,256,103,1.0,etarel_c1p00,0.0029019607843137254,relative_a1p74_N256_seed103_etarel_c1p00,600.0,0.16665385088536572,0.820587800916776,38.0,True,12.5,False,True,15.0,False
relative,1.74,256,104,0.05,etarel_c0p05,0.00014509803921568628,relative_a1p74_N256_seed104_etarel_c0p05,600.0,0.2078309547238371,0.7777301157135972,184.5,True,157.0,False,True,160.5,False
relative,1.74,256,104,0.1,etarel_c0p10,0.00029019607843137256,relative_a1p74_N256_seed104_etarel_c0p10,600.0,0.17253629429086165,0.80238656298104,105.5,True,81.5,False,True,84.5,False
relative,1.74,256,104,0.2,etarel_c0p20,0.0005803921568627451,relative_a1p74_N256_seed104_etarel_c0p20,600.0,0.2078309547238371,0.7753456318194926,72.0,True,43.5,False,True,45.5,False
relative,1.74,256,104,0.5,etarel_c0p50,0.0014509803921568627,relative_a1p74_N256_seed104_etarel_c0p50,600.0,0.20194851131834118,0.793679845747876,44.0,True,20.0,False,True,22.0,False
relative,1.74,256,104,1.0,etarel_c1p00,0.0029019607843137254,relative_a1p74_N256_seed104_etarel_c1p00,600.0,0.2078309547238371,0.7999912419081178,35.5,True,13.0,False,True,15.0,False
relative,1.74,256,105,0.05,etarel_c0p05,0.00014509803921568628,relative_a1p74_N256_seed105_etarel_c0p05,600.0,0.1960660679128453,0.7860975423510013,189.5,True,160.0,False,True,163.5,False
relative,1.74,256,105,0.1,etarel_c0p10,0.00029019607843137256,relative_a1p74_N256_seed105_etarel_c0p10,600.0,0.18430118110185348,0.781598536614271,102.5,True,82.5,False,True,85.5,False
relative,1.74,256,105,0.2,etarel_c0p20,0.0005803921568627451,relative_a1p74_N256_seed105_etarel_c0p20,600.0,0.20194851131834118,0.7827764727264556,69.5,True,43.0,False,True,46.0,False
relative,1.74,256,105,0.5,etarel_c0p50,0.0014509803921568627,relative_a1p74_N256_seed105_etarel_c0p50,600.0,0.21959584153482894,0.7802275898846583,46.5,True,19.5,False,True,22.0,False
relative,1.74,256,105,1.0,etarel_c1p00,0.0029019607843137254,relative_a1p74_N256_seed105_etarel_c1p00,600.0,0.19606606791284528,0.8005510637266564,34.5,True,12.5,False,True,15.0,False
